,article,cluster,internal_references,assigned_articles,references_count,assigned_articles_count,precision,correctly_labeled,recall
"('93',)",Article 1,93,['460'],"['1', '397']",1,2,0.0,0,0.0
"('79',)",Article 2,79,[],"['2', '146', '295', '380', '407', '414']",0,6,0.0,0,
"('83',)",Article 3,83,[],"['3', '436']",0,2,0.0,0,
"('19',)",Article 4,19,"['4', '2', '115', '25', '71', '301', '113', '1']","['4', '12', '98', '118', '142', '349', '405', '411', '450']",8,9,0.1111111111111111,1,0.125
"('67',)",Article 5,67,[],"['5', '192', '392']",0,3,0.0,0,
"('66',)",Article 6,66,"['19', '89', '90', '91', '508', '95', '7', '96']","['6', '16', '459']",8,3,0.0,0,0.0
"('36',)",Article 7,36,"['6', '11']","['7', '8', '9', '10', '17', '18', '49', '314', '396']",2,9,0.0,0,0.0
"('36',)",Article 8,36,"['21', '113']","['7', '8', '9', '10', '17', '18', '49', '314', '396']",2,9,0.0,0,0.0
"('36',)",Article 9,36,"['6', '7']","['7', '8', '9', '10', '17', '18', '49', '314', '396']",2,9,0.1111111111111111,1,0.5
"('36',)",Article 10,36,[],"['7', '8', '9', '10', '17', '18', '49', '314', '396']",0,9,0.0,0,
"('48',)",Article 11,48,"['18', '508', '10']","['11', '13', '14', '15', '22', '433', '434']",3,7,0.0,0,0.0
"('19',)",Article 12,19,[],"['4', '12', '98', '118', '142', '349', '405', '411', '450']",0,9,0.0,0,
"('48',)",Article 13,48,"['437', '438', '440', '442', '450', '451', '453', '10', '18']","['11', '13', '14', '15', '22', '433', '434']",9,7,0.0,0,0.0
"('48',)",Article 14,48,"['407', '92', '405', '18']","['11', '13', '14', '15', '22', '433', '434']",4,7,0.0,0,0.0
"('48',)",Article 15,48,"['95', '96', '26', '51', '62', '36', '56', '66']","['11', '13', '14', '15', '22', '433', '434']",8,7,0.0,0,0.0
"('66',)",Article 16,66,['6'],"['6', '16', '459']",1,3,0.3333333333333333,1,1.0
"('36',)",Article 17,36,['15'],"['7', '8', '9', '10', '17', '18', '49', '314', '396']",1,9,0.0,0,0.0
"('36',)",Article 18,36,['10'],"['7', '8', '9', '10', '17', '18', '49', '314', '396']",1,9,0.1111111111111111,1,1.0
"('52',)",Article 19,52,[],"['19', '20', '21', '415', '422']",0,5,0.0,0,
"('52',)",Article 20,52,"['143', '283', '422', '1', '312', '321', '322', '363', '151', '425']","['19', '20', '21', '415', '422']",10,5,0.2,1,0.1
"('52',)",Article 21,52,['8'],"['19', '20', '21', '415', '422']",1,5,0.0,0,0.0
"('48',)",Article 22,48,['89'],"['11', '13', '14', '15', '22', '433', '434']",1,7,0.0,0,0.0
"('26',)",Article 23,26,['4'],"['23', '38', '39', '75', '215', '219', '311']",1,7,0.0,0,0.0
"('25',)",Article 24,25,[],"['24', '466', '473', '481']",0,4,0.0,0,
"('82',)",Article 25,82,[],"['25', '74', '86', '494', '499']",0,5,0.0,0,
"('16',)",Article 26,16,"['28', '29', '80', '10']","['26', '73', '76', '78', '79', '83']",4,6,0.0,0,0.0
"('57',)",Article 27,57,"['28', '29', '10']","['27', '178', '197', '259', '416', '423']",3,6,0.0,0,0.0
"('43',)",Article 28,43,"['77', '27', '484', '10']","['28', '29', '31', '51', '52', '53', '54', '63', '64', '66', '77', '200', '282', '330', '483']",4,15,0.06666666666666667,1,0.25
"('43',)",Article 29,43,"['28', '10']","['28', '29', '31', '51', '52', '53', '54', '63', '64', '66', '77', '200', '282', '330', '483']",2,15,0.06666666666666667,1,0.5
"('97',)",Article 30,97,"['28', '29']","['30', '47', '48', '50', '470', '479']",2,6,0.0,0,0.0
"('43',)",Article 31,43,"['28', '27']","['28', '29', '31', '51', '52', '53', '54', '63', '64', '66', '77', '200', '282', '330', '483']",2,15,0.06666666666666667,1,0.5
"('55',)",Article 32,55,['10'],"['32', '41', '80', '304', '410', '419', '440', '441', '443', '451', '506']",1,11,0.0,0,0.0
"('88',)",Article 33,88,['10'],"['33', '198', '229', '365', '366']",1,5,0.0,0,0.0
"('54',)",Article 34,54,['105'],['34'],1,1,0.0,0,0.0
"('89',)",Article 35,89,['33'],"['35', '491']",1,2,0.0,0,0.0
"('64',)",Article 36,64,"['158', '159', '56', '243', '244', '258', '379', '153', '155', '66', '10']","['36', '432', '437', '487', '492']",11,5,0.0,0,0.0
"('23',)",Article 37,23,[],"['37', '209', '210', '238', '319', '369', '431']",0,7,0.0,0,
"('26',)",Article 38,26,"['2', '48']","['23', '38', '39', '75', '215', '219', '311']",2,7,0.0,0,0.0
"('26',)",Article 39,26,[],"['23', '38', '39', '75', '215', '219', '311']",0,7,0.0,0,
"('68',)",Article 40,68,['36'],"['40', '324']",1,2,0.0,0,0.0
"('55',)",Article 41,55,"['36', '10']","['32', '41', '80', '304', '410', '419', '440', '441', '443', '451', '506']",2,11,0.0,0,0.0
"('12',)",Article 42,12,['36'],"['42', '57', '67', '103', '279', '281', '326', '327', '331', '338', '345', '353', '357', '359', '374', '375']",1,16,0.0,0,0.0
"('8',)",Article 43,8,[],"['43', '81', '82']",0,3,0.0,0,
"('29',)",Article 44,29,['36'],"['44', '58', '68']",1,3,0.0,0,0.0
"('32',)",Article 45,32,['36'],"['45', '59', '69']",1,3,0.0,0,0.0
"('38',)",Article 46,38,"['36', '32', '44', '45']","['46', '60', '70']",4,3,0.0,0,0.0
"('97',)",Article 47,97,"['36', '44', '45']","['30', '47', '48', '50', '470', '479']",3,6,0.0,0,0.0
"('97',)",Article 48,97,"['36', '32']","['30', '47', '48', '50', '470', '479']",2,6,0.0,0,0.0
"('36',)",Article 49,36,"['113', '99', '92', '10']","['7', '8', '9', '10', '17', '18', '49', '314', '396']",4,9,0.1111111111111111,1,0.25
"('97',)",Article 50,97,"['32', '36', '48', '49', '79']","['30', '47', '48', '50', '470', '479']",5,6,0.16666666666666666,1,0.2
"('43',)",Article 51,43,['52'],"['28', '29', '31', '51', '52', '53', '54', '63', '64', '66', '77', '200', '282', '330', '483']",1,15,0.06666666666666667,1,1.0
"('43',)",Article 52,43,"['77', '78', '484', '10']","['28', '29', '31', '51', '52', '53', '54', '63', '64', '66', '77', '200', '282', '330', '483']",4,15,0.06666666666666667,1,0.25
"('43',)",Article 53,43,['52'],"['28', '29', '31', '51', '52', '53', '54', '63', '64', '66', '77', '200', '282', '330', '483']",1,15,0.06666666666666667,1,1.0
"('43',)",Article 54,43,"['52', '92', '6']","['28', '29', '31', '51', '52', '53', '54', '63', '64', '66', '77', '200', '282', '330', '483']",3,15,0.06666666666666667,1,0.3333333333333333
"('78',)",Article 55,78,['52'],"['55', '65']",1,2,0.0,0,0.0
"('60',)",Article 56,60,['66'],"['56', '488', '490']",1,3,0.0,0,0.0
"('12',)",Article 57,12,['56'],"['42', '57', '67', '103', '279', '281', '326', '327', '331', '338', '345', '353', '357', '359', '374', '375']",1,16,0.0,0,0.0
"('29',)",Article 58,29,['56'],"['44', '58', '68']",1,3,0.0,0,0.0
"('32',)",Article 59,32,['56'],"['45', '59', '69']",1,3,0.0,0,0.0
"('38',)",Article 60,38,"['56', '32', '36', '44', '45']","['46', '60', '70']",5,3,0.0,0,0.0
"('87',)",Article 61,87,"['56', '79']","['61', '71']",2,2,0.0,0,0.0
"('75',)",Article 62,75,"['63', '158', '159']","['62', '106', '108', '109', '193', '237', '240', '241', '250', '257', '264', '385', '438', '444', '452', '453']",3,16,0.0,0,0.0
"('43',)",Article 63,43,"['77', '78']","['28', '29', '31', '51', '52', '53', '54', '63', '64', '66', '77', '200', '282', '330', '483']",2,15,0.06666666666666667,1,0.5
"('43',)",Article 64,43,[],"['28', '29', '31', '51', '52', '53', '54', '63', '64', '66', '77', '200', '282', '330', '483']",0,15,0.0,0,
"('78',)",Article 65,78,['63'],"['55', '65']",1,2,0.0,0,0.0
"('43',)",Article 66,43,[],"['28', '29', '31', '51', '52', '53', '54', '63', '64', '66', '77', '200', '282', '330', '483']",0,15,0.0,0,
"('12',)",Article 67,12,['66'],"['42', '57', '67', '103', '279', '281', '326', '327', '331', '338', '345', '353', '357', '359', '374', '375']",1,16,0.0,0,0.0
"('29',)",Article 68,29,['66'],"['44', '58', '68']",1,3,0.0,0,0.0
"('32',)",Article 69,32,['66'],"['45', '59', '69']",1,3,0.0,0,0.0
"('38',)",Article 70,38,"['66', '32', '36', '44', '45']","['46', '60', '70']",5,3,0.0,0,0.0
"('87',)",Article 71,87,"['66', '79']","['61', '71']",2,2,0.0,0,0.0
"('7',)",Article 72,7,[],"['72', '88', '93']",0,3,0.0,0,
"('16',)",Article 73,16,['10'],"['26', '73', '76', '78', '79', '83']",1,6,0.0,0,0.0
"('82',)",Article 74,82,[],"['25', '74', '86', '494', '499']",0,5,0.0,0,
"('26',)",Article 75,26,"['45', '59', '69']","['23', '38', '39', '75', '215', '219', '311']",3,7,0.0,0,0.0
"('16',)",Article 76,16,"['42', '45', '57', '59', '67', '69', '10']","['26', '73', '76', '78', '79', '83']",7,6,0.0,0,0.0
"('43',)",Article 77,43,[],"['28', '29', '31', '51', '52', '53', '54', '63', '64', '66', '77', '200', '282', '330', '483']",0,15,0.0,0,
"('16',)",Article 78,16,"['77', '27', '10']","['26', '73', '76', '78', '79', '83']",3,6,0.0,0,0.0
"('16',)",Article 79,16,['10'],"['26', '73', '76', '78', '79', '83']",1,6,0.0,0,0.0
"('55',)",Article 80,55,"['28', '29']","['32', '41', '80', '304', '410', '419', '440', '441', '443', '451', '506']",2,11,0.0,0,0.0
"('8',)",Article 81,8,[],"['43', '81', '82']",0,3,0.0,0,
"('8',)",Article 82,8,[],"['43', '81', '82']",0,3,0.0,0,
"('16',)",Article 83,16,"['52', '63', '10']","['26', '73', '76', '78', '79', '83']",3,6,0.0,0,0.0
"('35',)",Article 84,35,"['92', '458', '459', '500', '81', '7', '10', '113']","['84', '85', '87', '91']",8,4,0.0,0,0.0
"('35',)",Article 85,35,"['92', '458', '459', '500', '81', '7']","['84', '85', '87', '91']",6,4,0.0,0,0.0
"('82',)",Article 86,82,['84'],"['25', '74', '86', '494', '499']",1,5,0.0,0,0.0
"('35',)",Article 87,35,"['92', '458', '459', '500', '81', '7']","['84', '85', '87', '91']",6,4,0.0,0,0.0
"('7',)",Article 88,7,['84'],"['72', '88', '93']",1,3,0.0,0,0.0
"('84',)",Article 89,84,[],"['89', '394', '395', '425', '458', '460', '501']",0,7,0.0,0,
"('5',)",Article 90,5,"['89', '36']","['90', '427', '469', '472', '475', '477', '486']",2,7,0.0,0,0.0
"('35',)",Article 91,35,"['89', '79']","['84', '85', '87', '91']",2,4,0.0,0,0.0
"('28',)",Article 92,28,"['93', '94', '379', '395']","['92', '113', '132', '201', '323', '400', '493', '500']",4,8,0.0,0,0.0
"('7',)",Article 93,7,[],"['72', '88', '93']",0,3,0.0,0,
"('70',)",Article 94,70,['92'],"['94', '125', '126', '232', '276', '402']",1,6,0.0,0,0.0
"('80',)",Article 95,80,"['92', '4', '97']","['95', '96']",3,2,0.0,0,0.0
"('80',)",Article 96,80,"['92', '97']","['95', '96']",2,2,0.0,0,0.0
"('2',)",Article 97,2,"['95', '96', '4', '10']","['97', '99', '100', '312', '426', '430', '50', '50']",4,7,0.0,0,0.0
"('19',)",Article 98,19,"['95', '92', '96']","['4', '12', '98', '118', '142', '349', '405', '411', '450']",3,9,0.0,0,0.0
"('2',)",Article 99,2,"['92', '4']","['97', '99', '100', '312', '426', '430', '50', '50']",2,7,0.0,0,0.0
"('2',)",Article 100,2,['99'],"['97', '99', '100', '312', '426', '430', '50', '50']",1,7,0.14285714285714285,1,1.0
"('94',)",Article 101,94,['124'],"['101', '124', '143', '148', '164', '173', '495']",1,7,0.14285714285714285,1,1.0
"('92',)",Article 102,92,"['103', '104', '105']",['102'],3,1,0.0,0,0.0
"('12',)",Article 103,12,[],"['42', '57', '67', '103', '279', '281', '326', '327', '331', '338', '345', '353', '357', '359', '374', '375']",0,16,0.0,0,
"('3',)",Article 104,3,"['102', '4']","['104', '234', '243', '336', '337', '348', '350', '367', '371', '373', '377']",2,11,0.0,0,0.0
"('33',)",Article 105,33,"['105', '10']","['105', '180', '181', '182', '185', '188', '316', '318', '412']",2,9,0.1111111111111111,1,0.5
"('75',)",Article 106,75,['299'],"['62', '106', '108', '109', '193', '237', '240', '241', '250', '257', '264', '385', '438', '444', '452', '453']",1,16,0.0,0,0.0
"('17',)",Article 107,17,"['143', '92', '464']","['107', '112', '115', '116', '117', '119', '121', '128', '170', '172', '176', '302', '310', '387', '398', '406', '408', '409', '447']",3,19,0.0,0,0.0
"('75',)",Article 108,75,"['151', '92', '36', '62']","['62', '106', '108', '109', '193', '237', '240', '241', '250', '257', '264', '385', '438', '444', '452', '453']",4,16,0.0625,1,0.25
"('75',)",Article 109,75,"['112', '245', '246', '251', '259', '147']","['62', '106', '108', '109', '193', '237', '240', '241', '250', '257', '264', '385', '438', '444', '452', '453']",6,16,0.0,0,0.0
"('18',)",Article 110,18,"['62', '159', '36', '148', '150', '111', '166', '246', '266', '178', '10']","['110', '127', '244', '332', '346', '381', '386']",11,7,0.0,0,0.0
"('96',)",Article 111,96,"['34', '110', '223']","['111', '166', '167', '168', '235', '271']",3,6,0.0,0,0.0
"('17',)",Article 112,17,[],"['107', '112', '115', '116', '117', '119', '121', '128', '170', '172', '176', '302', '310', '387', '398', '406', '408', '409', '447']",0,19,0.0,0,
"('28',)",Article 113,28,['178'],"['92', '113', '132', '201', '323', '400', '493', '500']",1,8,0.0,0,0.0
"('11',)",Article 114,11,"['136', '114', '464']","['114', '120', '122', '131', '134', '140', '159', '442', '496']",3,9,0.1111111111111111,1,0.3333333333333333
"('17',)",Article 115,17,"['119', '150', '464', '120']","['107', '112', '115', '116', '117', '119', '121', '128', '170', '172', '176', '302', '310', '387', '398', '406', '408', '409', '447']",4,19,0.05263157894736842,1,0.25
"('17',)",Article 116,17,"['120', '119', '464']","['107', '112', '115', '116', '117', '119', '121', '128', '170', '172', '176', '302', '310', '387', '398', '406', '408', '409', '447']",3,19,0.05263157894736842,1,0.3333333333333333
"('17',)",Article 117,17,"['119', '120', '121']","['107', '112', '115', '116', '117', '119', '121', '128', '170', '172', '176', '302', '310', '387', '398', '406', '408', '409', '447']",3,19,0.10526315789473684,2,0.6666666666666666
"('19',)",Article 118,19,[],"['4', '12', '98', '118', '142', '349', '405', '411', '450']",0,9,0.0,0,
"('17',)",Article 119,17,"['120', '121', '114']","['107', '112', '115', '116', '117', '119', '121', '128', '170', '172', '176', '302', '310', '387', '398', '406', '408', '409', '447']",3,19,0.05263157894736842,1,0.3333333333333333
"('11',)",Article 120,11,"['136', '131']","['114', '120', '122', '131', '134', '140', '159', '442', '496']",2,9,0.1111111111111111,1,0.5
"('17',)",Article 121,17,['162'],"['107', '112', '115', '116', '117', '119', '121', '128', '170', '172', '176', '302', '310', '387', '398', '406', '408', '409', '447']",1,19,0.0,0,0.0
"('11',)",Article 122,11,['136'],"['114', '120', '122', '131', '134', '140', '159', '442', '496']",1,9,0.0,0,0.0
"('59',)",Article 123,59,['112'],"['123', '147', '150', '152', '153', '154', '242', '255', '261', '262', '306', '379', '390', '449']",1,14,0.0,0,0.0
"('94',)",Article 124,94,"['125', '101', '126', '199', '10']","['101', '124', '143', '148', '164', '173', '495']",5,7,0.14285714285714285,1,0.2
"('70',)",Article 125,70,"['124', '208', '229']","['94', '125', '126', '232', '276', '402']",3,6,0.0,0,0.0
"('70',)",Article 126,70,"['124', '208', '229']","['94', '125', '126', '232', '276', '402']",3,6,0.0,0,0.0
"('18',)",Article 127,18,"['178', '125', '126']","['110', '127', '244', '332', '346', '381', '386']",3,7,0.0,0,0.0
"('17',)",Article 128,17,['4'],"['107', '112', '115', '116', '117', '119', '121', '128', '170', '172', '176', '302', '310', '387', '398', '406', '408', '409', '447']",1,19,0.0,0,0.0
"('4',)",Article 129,4,"['115', '116', '201', '208', '229', '136']","['129', '144', '145', '160', '161', '162', '289', '401']",6,8,0.0,0,0.0
"('44',)",Article 130,44,[],"['130', '156', '195', '245', '246', '251', '252', '256', '260', '265', '266']",0,11,0.0,0,
"('11',)",Article 131,11,['136'],"['114', '120', '122', '131', '134', '140', '159', '442', '496']",1,9,0.0,0,0.0
"('28',)",Article 132,28,"['136', '464']","['92', '113', '132', '201', '323', '400', '493', '500']",2,8,0.0,0,0.0
"('46',)",Article 133,46,"['48', '89', '128']","['133', '165', '186', '187', '362', '471']",3,6,0.0,0,0.0
"('11',)",Article 134,11,"['201', '1', '213', '112']","['114', '120', '122', '131', '134', '140', '159', '442', '496']",4,9,0.0,0,0.0
"('37',)",Article 135,37,['2'],"['135', '136', '270']",1,3,0.0,0,0.0
"('37',)",Article 136,37,[],"['135', '136', '270']",0,3,0.0,0,
"('0',)",Article 137,0,['114'],"['137', '138', '139', '194', '202', '204', '213', '216', '218', '224', '233', '268', '269', '347', '439']",1,15,0.0,0,0.0
"('0',)",Article 138,0,[],"['137', '138', '139', '194', '202', '204', '213', '216', '218', '224', '233', '268', '269', '347', '439']",0,15,0.0,0,
"('0',)",Article 139,0,['129'],"['137', '138', '139', '194', '202', '204', '213', '216', '218', '224', '233', '268', '269', '347', '439']",1,15,0.0,0,0.0
"('11',)",Article 140,11,[],"['114', '120', '122', '131', '134', '140', '159', '442', '496']",0,9,0.0,0,
"('10',)",Article 141,10,[],"['141', '190', '288', '368', '376', '446', '455']",0,7,0.0,0,
"('19',)",Article 142,19,"['4', '464']","['4', '12', '98', '118', '142', '349', '405', '411', '450']",2,9,0.1111111111111111,1,0.5
"('94',)",Article 143,94,['10'],"['101', '124', '143', '148', '164', '173', '495']",1,7,0.0,0,0.0
"('4',)",Article 144,4,"['143', '99', '10']","['129', '144', '145', '160', '161', '162', '289', '401']",3,8,0.0,0,0.0
"('4',)",Article 145,4,[],"['129', '144', '145', '160', '161', '162', '289', '401']",0,8,0.0,0,
"('79',)",Article 146,79,[],"['2', '146', '295', '380', '407', '414']",0,6,0.0,0,
"('59',)",Article 147,59,"['115', '116', '117', '118', '119', '166']","['123', '147', '150', '152', '153', '154', '242', '255', '261', '262', '306', '379', '390', '449']",6,14,0.0,0,0.0
"('94',)",Article 148,94,"['150', '147', '154', '10']","['101', '124', '143', '148', '164', '173', '495']",4,7,0.0,0,0.0
"('71',)",Article 149,71,"['151', '148', '150']","['149', '283', '313', '363']",3,4,0.0,0,0.0
"('59',)",Article 150,59,"['147', '114', '113', '119', '215', '10']","['123', '147', '150', '152', '153', '154', '242', '255', '261', '262', '306', '379', '390', '449']",6,14,0.07142857142857142,1,0.16666666666666666
"('27',)",Article 151,27,"['157', '152', '147', '155', '153', '143', '161', '166', '1472', '158']","['151', '155', '158', '258']",9,4,0.5,2,0.2222222222222222
"('59',)",Article 152,59,"['132', '147', '155', '150', '10']","['123', '147', '150', '152', '153', '154', '242', '255', '261', '262', '306', '379', '390', '449']",5,14,0.14285714285714285,2,0.4
"('59',)",Article 153,59,"['161', '181', '202', '217', '184', '154', '10']","['123', '147', '150', '152', '153', '154', '242', '255', '261', '262', '306', '379', '390', '449']",7,14,0.07142857142857142,1,0.14285714285714285
"('59',)",Article 154,59,"['181', '147', '202', '217', '153', '184']","['123', '147', '150', '152', '153', '154', '242', '255', '261', '262', '306', '379', '390', '449']",6,14,0.14285714285714285,2,0.3333333333333333
"('27',)",Article 155,27,"['48', '162', '153', '178', '165']","['151', '155', '158', '258']",5,4,0.0,0,0.0
"('44',)",Article 156,44,[],"['130', '156', '195', '245', '246', '251', '252', '256', '260', '265', '266']",0,11,0.0,0,
"('15',)",Article 157,15,['153'],"['157', '221', '263']",1,3,0.0,0,0.0
"('27',)",Article 158,27,"['151', '147', '152', '5', '181', '153']","['151', '155', '158', '258']",6,4,0.25,1,0.16666666666666666
"('11',)",Article 159,11,"['158', '34', '110', '166']","['114', '120', '122', '131', '134', '140', '159', '442', '496']",4,9,0.0,0,0.0
"('4',)",Article 160,4,"['143', '201', '161']","['129', '144', '145', '160', '161', '162', '289', '401']",3,8,0.125,1,0.3333333333333333
"('4',)",Article 161,4,"['129', '143', '153']","['129', '144', '145', '160', '161', '162', '289', '401']",3,8,0.125,1,0.3333333333333333
"('4',)",Article 162,4,"['143', '384', '153', '383', '4']","['129', '144', '145', '160', '161', '162', '289', '401']",5,8,0.0,0,0.0
"('31',)",Article 163,31,"['164', '201', '160']","['163', '284', '285', '290', '291', '292', '293', '294']",3,8,0.0,0,0.0
"('94',)",Article 164,94,"['143', '183', '154', '153', '101', '10']","['101', '124', '143', '148', '164', '173', '495']",6,7,0.2857142857142857,2,0.3333333333333333
"('46',)",Article 165,46,['155'],"['133', '165', '186', '187', '362', '471']",1,6,0.0,0,0.0
"('96',)",Article 166,96,"['201', '213', '24', '223', '220', '151']","['111', '166', '167', '168', '235', '271']",6,6,0.0,0,0.0
"('96',)",Article 167,96,[],"['111', '166', '167', '168', '235', '271']",0,6,0.0,0,
"('96',)",Article 168,96,[],"['111', '166', '167', '168', '235', '271']",0,6,0.0,0,
"('47',)",Article 169,47,[],"['169', '189', '287', '320', '321', '322', '372', '435']",0,8,0.0,0,
"('17',)",Article 170,17,[],"['107', '112', '115', '116', '117', '119', '121', '128', '170', '172', '176', '302', '310', '387', '398', '406', '408', '409', '447']",0,19,0.0,0,
"('72',)",Article 171,72,[],"['171', '174', '175', '179', '184', '286', '297']",0,7,0.0,0,
"('17',)",Article 172,17,"['143', '153', '170', '155']","['107', '112', '115', '116', '117', '119', '121', '128', '170', '172', '176', '302', '310', '387', '398', '406', '408', '409', '447']",4,19,0.05263157894736842,1,0.25
"('94',)",Article 173,94,"['155', '10']","['101', '124', '143', '148', '164', '173', '495']",2,7,0.0,0,0.0
"('72',)",Article 174,72,[],"['171', '174', '175', '179', '184', '286', '297']",0,7,0.0,0,
"('72',)",Article 175,72,[],"['171', '174', '175', '179', '184', '286', '297']",0,7,0.0,0,
"('17',)",Article 176,17,"['155', '161', '166']","['107', '112', '115', '116', '117', '119', '121', '128', '170', '172', '176', '302', '310', '387', '398', '406', '408', '409', '447']",3,19,0.0,0,0.0
"('40',)",Article 177,40,['153'],"['177', '212', '248', '308', '309', '378']",1,6,0.0,0,0.0
"('57',)",Article 178,57,"['127', '10']","['27', '178', '197', '259', '416', '423']",2,6,0.0,0,0.0
"('72',)",Article 179,72,"['180', '181', '182', '178']","['171', '174', '175', '179', '184', '286', '297']",4,7,0.0,0,0.0
"('33',)",Article 180,33,"['155', '181', '178', '174', '143', '10']","['105', '180', '181', '182', '185', '188', '316', '318', '412']",6,9,0.1111111111111111,1,0.16666666666666666
"('33',)",Article 181,33,['10'],"['105', '180', '181', '182', '185', '188', '316', '318', '412']",1,9,0.0,0,0.0
"('33',)",Article 182,33,['10'],"['105', '180', '181', '182', '185', '188', '316', '318', '412']",1,9,0.0,0,0.0
"('56',)",Article 183,56,"['171', '172', '173', '216', '201', '148', '150', '10']","['183', '226', '388', '404', '498']",8,5,0.0,0,0.0
"('72',)",Article 184,72,[],"['171', '174', '175', '179', '184', '286', '297']",0,7,0.0,0,
"('33',)",Article 185,33,[],"['105', '180', '181', '182', '185', '188', '316', '318', '412']",0,9,0.0,0,
"('46',)",Article 186,46,[],"['133', '165', '186', '187', '362', '471']",0,6,0.0,0,
"('46',)",Article 187,46,[],"['133', '165', '186', '187', '362', '471']",0,6,0.0,0,
"('33',)",Article 188,33,[],"['105', '180', '181', '182', '185', '188', '316', '318', '412']",0,9,0.0,0,
"('47',)",Article 189,47,[],"['169', '189', '287', '320', '321', '322', '372', '435']",0,8,0.0,0,
"('10',)",Article 190,10,['179'],"['141', '190', '288', '368', '376', '446', '455']",1,7,0.0,0,0.0
"('99',)",Article 191,99,[],['191'],0,1,0.0,0,
"('67',)",Article 192,67,[],"['5', '192', '392']",0,3,0.0,0,
"('75',)",Article 193,75,[],"['62', '106', '108', '109', '193', '237', '240', '241', '250', '257', '264', '385', '438', '444', '452', '453']",0,16,0.0,0,
"('0',)",Article 194,0,"['197', '201', '203', '204', '10']","['137', '138', '139', '194', '202', '204', '213', '216', '218', '224', '233', '268', '269', '347', '439']",5,15,0.06666666666666667,1,0.2
"('44',)",Article 195,44,['196'],"['130', '156', '195', '245', '246', '251', '252', '256', '260', '265', '266']",1,11,0.0,0,0.0
"('22',)",Article 196,22,"['223', '299', '197', '198']","['196', '456', '507']",4,3,0.0,0,0.0
"('57',)",Article 197,57,"['115', '116', '117', '118', '132', '198', '224', '299', '400', '416', '428', '4']","['27', '178', '197', '259', '416', '423']",12,6,0.16666666666666666,1,0.08333333333333333
"('88',)",Article 198,88,"['197', '223']","['33', '198', '229', '365', '366']",2,5,0.0,0,0.0
"('20',)",Article 199,20,"['197', '198', '124', '210', '230', '211']","['199', '211', '227']",6,3,0.3333333333333333,1,0.16666666666666666
"('43',)",Article 200,43,[],"['28', '29', '31', '51', '52', '53', '54', '63', '64', '66', '77', '200', '282', '330', '483']",0,15,0.0,0,
"('28',)",Article 201,28,"['117', '116', '119']","['92', '113', '132', '201', '323', '400', '493', '500']",3,8,0.0,0,0.0
"('0',)",Article 202,0,['153'],"['137', '138', '139', '194', '202', '204', '213', '216', '218', '224', '233', '268', '269', '347', '439']",1,15,0.0,0,0.0
"('63',)",Article 203,63,[],"['203', '267', '361']",0,3,0.0,0,
"('0',)",Article 204,0,[],"['137', '138', '139', '194', '202', '204', '213', '216', '218', '224', '233', '268', '269', '347', '439']",0,15,0.0,0,
"('95',)",Article 205,95,['206'],"['205', '206']",1,2,0.5,1,1.0
"('95',)",Article 206,95,['207'],"['205', '206']",1,2,0.0,0,0.0
"('45',)",Article 207,45,['129'],"['207', '208']",1,2,0.0,0,0.0
"('45',)",Article 208,45,[],"['207', '208']",0,2,0.0,0,
"('23',)",Article 209,23,[],"['37', '209', '210', '238', '319', '369', '431']",0,7,0.0,0,
"('23',)",Article 210,23,['209'],"['37', '209', '210', '238', '319', '369', '431']",1,7,0.14285714285714285,1,1.0
"('20',)",Article 211,20,['208'],"['199', '211', '227']",1,3,0.0,0,0.0
"('40',)",Article 212,40,['232'],"['177', '212', '248', '308', '309', '378']",1,6,0.0,0,0.0
"('0',)",Article 213,0,"['214', '134', '166']","['137', '138', '139', '194', '202', '204', '213', '216', '218', '224', '233', '268', '269', '347', '439']",3,15,0.0,0,0.0
"('61',)",Article 214,61,"['213', '215', '116', '117', '118']","['214', '301', '50']",5,3,0.0,0,0.0
"('26',)",Article 215,26,"['213', '214']","['23', '38', '39', '75', '215', '219', '311']",2,7,0.0,0,0.0
"('0',)",Article 216,0,"['213', '233']","['137', '138', '139', '194', '202', '204', '213', '216', '218', '224', '233', '268', '269', '347', '439']",2,15,0.13333333333333333,2,1.0
"('6',)",Article 217,6,"['153', '147', '213', '215', '216']","['217', '272', '273', '274', '383', '384', '403']",5,7,0.0,0,0.0
"('0',)",Article 218,0,['194'],"['137', '138', '139', '194', '202', '204', '213', '216', '218', '224', '233', '268', '269', '347', '439']",1,15,0.06666666666666667,1,1.0
"('26',)",Article 219,26,[],"['23', '38', '39', '75', '215', '219', '311']",0,7,0.0,0,
"('53',)",Article 220,53,"['223', '113', '224', '225']","['220', '222', '223', '228', '230', '231', '236', '239', '275', '429']",4,10,0.1,1,0.25
"('15',)",Article 221,15,"['220', '4', '292', '294', '285', '113', '10']","['157', '221', '263']",7,3,0.0,0,0.0
"('53',)",Article 222,53,"['148', '150', '207', '111', '227', '114', '115', '117', '118', '116']","['220', '222', '223', '228', '230', '231', '236', '239', '275', '429']",10,10,0.0,0,0.0
"('53',)",Article 223,53,"['224', '227', '220', '221', '111', '166', '225']","['220', '222', '223', '228', '230', '231', '236', '239', '275', '429']",7,10,0.1,1,0.14285714285714285
"('0',)",Article 224,0,"['285', '197']","['137', '138', '139', '194', '202', '204', '213', '216', '218', '224', '233', '268', '269', '347', '439']",2,15,0.0,0,0.0
"('24',)",Article 225,24,[],"['225', '315', '317']",0,3,0.0,0,
"('56',)",Article 226,56,"['224', '225']","['183', '226', '388', '404', '498']",2,5,0.0,0,0.0
"('20',)",Article 227,20,"['224', '225', '221', '2', '197']","['199', '211', '227']",5,3,0.0,0,0.0
"('53',)",Article 228,53,"['223', '113', '111']","['220', '222', '223', '228', '230', '231', '236', '239', '275', '429']",3,10,0.1,1,0.3333333333333333
"('88',)",Article 229,88,['208'],"['33', '198', '229', '365', '366']",1,5,0.0,0,0.0
"('53',)",Article 230,53,"['166', '124', '125', '126', '199']","['220', '222', '223', '228', '230', '231', '236', '239', '275', '429']",5,10,0.0,0,0.0
"('53',)",Article 231,53,['223'],"['220', '222', '223', '228', '230', '231', '236', '239', '275', '429']",1,10,0.1,1,1.0
"('70',)",Article 232,70,"['212', '233', '200', '197']","['94', '125', '126', '232', '276', '402']",4,6,0.0,0,0.0
"('0',)",Article 233,0,"['224', '225', '226']","['137', '138', '139', '194', '202', '204', '213', '216', '218', '224', '233', '268', '269', '347', '439']",3,15,0.06666666666666667,1,0.3333333333333333
"('3',)",Article 234,3,[],"['104', '234', '243', '336', '337', '348', '350', '367', '371', '373', '377']",0,11,0.0,0,
"('96',)",Article 235,96,"['113', '111', '233', '114']","['111', '166', '167', '168', '235', '271']",4,6,0.16666666666666666,1,0.25
"('53',)",Article 236,53,"['233', '166']","['220', '222', '223', '228', '230', '231', '236', '239', '275', '429']",2,10,0.0,0,0.0
"('75',)",Article 237,75,['162'],"['62', '106', '108', '109', '193', '237', '240', '241', '250', '257', '264', '385', '438', '444', '452', '453']",1,16,0.0,0,0.0
"('23',)",Article 238,23,[],"['37', '209', '210', '238', '319', '369', '431']",0,7,0.0,0,
"('53',)",Article 239,53,"['223', '238', '233']","['220', '222', '223', '228', '230', '231', '236', '239', '275', '429']",3,10,0.1,1,0.3333333333333333
"('75',)",Article 240,75,[],"['62', '106', '108', '109', '193', '237', '240', '241', '250', '257', '264', '385', '438', '444', '452', '453']",0,16,0.0,0,
"('75',)",Article 241,75,"['240', '204', '216']","['62', '106', '108', '109', '193', '237', '240', '241', '250', '257', '264', '385', '438', '444', '452', '453']",3,16,0.0625,1,0.3333333333333333
"('59',)",Article 242,59,"['261', '262']","['123', '147', '150', '152', '153', '154', '242', '255', '261', '262', '306', '379', '390', '449']",2,14,0.14285714285714285,2,1.0
"('3',)",Article 243,3,['36'],"['104', '234', '243', '336', '337', '348', '350', '367', '371', '373', '377']",1,11,0.0,0,0.0
"('18',)",Article 244,18,"['249', '36', '247']","['110', '127', '244', '332', '346', '381', '386']",3,7,0.0,0,0.0
"('44',)",Article 245,44,"['249', '250', '36', '92', '246', '407']","['130', '156', '195', '245', '246', '251', '252', '256', '260', '265', '266']",6,11,0.09090909090909091,1,0.16666666666666666
"('44',)",Article 246,44,"['110', '268']","['130', '156', '195', '245', '246', '251', '252', '256', '260', '265', '266']",2,11,0.0,0,0.0
"('39',)",Article 247,39,"['201', '136']","['247', '299', '399', '424']",2,4,0.0,0,0.0
"('40',)",Article 248,40,['245'],"['177', '212', '248', '308', '309', '378']",1,6,0.0,0,0.0
"('1',)",Article 249,1,"['244', '250', '247']","['249', '253', '254', '389']",3,4,0.0,0,0.0
"('75',)",Article 250,75,"['249', '92']","['62', '106', '108', '109', '193', '237', '240', '241', '250', '257', '264', '385', '438', '444', '452', '453']",2,16,0.0,0,0.0
"('44',)",Article 251,44,['252'],"['130', '156', '195', '245', '246', '251', '252', '256', '260', '265', '266']",1,11,0.09090909090909091,1,1.0
"('44',)",Article 252,44,['128'],"['130', '156', '195', '245', '246', '251', '252', '256', '260', '265', '266']",1,11,0.0,0,0.0
"('1',)",Article 253,1,[],"['249', '253', '254', '389']",0,4,0.0,0,
"('1',)",Article 254,1,['255'],"['249', '253', '254', '389']",1,4,0.0,0,0.0
"('59',)",Article 255,59,[],"['123', '147', '150', '152', '153', '154', '242', '255', '261', '262', '306', '379', '390', '449']",0,14,0.0,0,
"('44',)",Article 256,44,"['2', '32']","['130', '156', '195', '245', '246', '251', '252', '256', '260', '265', '266']",2,11,0.0,0,0.0
"('75',)",Article 257,75,[],"['62', '106', '108', '109', '193', '237', '240', '241', '250', '257', '264', '385', '438', '444', '452', '453']",0,16,0.0,0,
"('27',)",Article 258,27,"['36', '257', '252']","['151', '155', '158', '258']",3,4,0.0,0,0.0
"('57',)",Article 259,57,"['261', '262', '253']","['27', '178', '197', '259', '416', '423']",3,6,0.0,0,0.0
"('44',)",Article 260,44,['92'],"['130', '156', '195', '245', '246', '251', '252', '256', '260', '265', '266']",1,11,0.0,0,0.0
"('59',)",Article 261,59,"['264', '247']","['123', '147', '150', '152', '153', '154', '242', '255', '261', '262', '306', '379', '390', '449']",2,14,0.0,0,0.0
"('59',)",Article 262,59,"['261', '264', '247']","['123', '147', '150', '152', '153', '154', '242', '255', '261', '262', '306', '379', '390', '449']",3,14,0.07142857142857142,1,0.3333333333333333
"('15',)",Article 263,15,['255'],"['157', '221', '263']",1,3,0.0,0,0.0
"('75',)",Article 264,75,"['262', '235']","['62', '106', '108', '109', '193', '237', '240', '241', '250', '257', '264', '385', '438', '444', '452', '453']",2,16,0.0,0,0.0
"('44',)",Article 265,44,['256'],"['130', '156', '195', '245', '246', '251', '252', '256', '260', '265', '266']",1,11,0.09090909090909091,1,1.0
"('44',)",Article 266,44,"['110', '159', '36', '247', '264', '260']","['130', '156', '195', '245', '246', '251', '252', '256', '260', '265', '266']",6,11,0.09090909090909091,1,0.16666666666666666
"('63',)",Article 267,63,[],"['203', '267', '361']",0,3,0.0,0,
"('0',)",Article 268,0,[],"['137', '138', '139', '194', '202', '204', '213', '216', '218', '224', '233', '268', '269', '347', '439']",0,15,0.0,0,
"('0',)",Article 269,0,[],"['137', '138', '139', '194', '202', '204', '213', '216', '218', '224', '233', '268', '269', '347', '439']",0,15,0.0,0,
"('37',)",Article 270,37,[],"['135', '136', '270']",0,3,0.0,0,
"('96',)",Article 271,96,[],"['111', '166', '167', '168', '235', '271']",0,6,0.0,0,
"('6',)",Article 272,6,[],"['217', '272', '273', '274', '383', '384', '403']",0,7,0.0,0,
"('6',)",Article 273,6,"['94', '282', '283', '233', '153', '183', '143', '299', '33', '291']","['217', '272', '273', '274', '383', '384', '403']",10,7,0.0,0,0.0
"('6',)",Article 274,6,['361'],"['217', '272', '273', '274', '383', '384', '403']",1,7,0.0,0,0.0
"('53',)",Article 275,53,[],"['220', '222', '223', '228', '230', '231', '236', '239', '275', '429']",0,10,0.0,0,
"('70',)",Article 276,70,"['197', '299']","['94', '125', '126', '232', '276', '402']",2,6,0.0,0,0.0
"('30',)",Article 277,30,[],"['277', '278', '280', '335', '448']",0,5,0.0,0,
"('30',)",Article 278,30,['280'],"['277', '278', '280', '335', '448']",1,5,0.2,1,1.0
"('12',)",Article 279,12,[],"['42', '57', '67', '103', '279', '281', '326', '327', '331', '338', '345', '353', '357', '359', '374', '375']",0,16,0.0,0,
"('30',)",Article 280,30,['276'],"['277', '278', '280', '335', '448']",1,5,0.0,0,0.0
"('12',)",Article 281,12,['336'],"['42', '57', '67', '103', '279', '281', '326', '327', '331', '338', '345', '353', '357', '359', '374', '375']",1,16,0.0,0,0.0
"('43',)",Article 282,43,['336'],"['28', '29', '31', '51', '52', '53', '54', '63', '64', '66', '77', '200', '282', '330', '483']",1,15,0.0,0,0.0
"('71',)",Article 283,71,"['273', '282']","['149', '283', '313', '363']",2,4,0.0,0,0.0
"('31',)",Article 284,31,"['283', '197', '198', '299', '291']","['163', '284', '285', '290', '291', '292', '293', '294']",5,8,0.125,1,0.2
"('31',)",Article 285,31,['284'],"['163', '284', '285', '290', '291', '292', '293', '294']",1,8,0.125,1,1.0
"('72',)",Article 286,72,['287'],"['171', '174', '175', '179', '184', '286', '297']",1,7,0.0,0,0.0
"('47',)",Article 287,47,[],"['169', '189', '287', '320', '321', '322', '372', '435']",0,8,0.0,0,
"('10',)",Article 288,10,"['287', '286', '293']","['141', '190', '288', '368', '376', '446', '455']",3,7,0.0,0,0.0
"('4',)",Article 289,4,"['283', '286']","['129', '144', '145', '160', '161', '162', '289', '401']",2,8,0.0,0,0.0
"('31',)",Article 290,31,[],"['163', '284', '285', '290', '291', '292', '293', '294']",0,8,0.0,0,
"('31',)",Article 291,31,['273'],"['163', '284', '285', '290', '291', '292', '293', '294']",1,8,0.0,0,0.0
"('31',)",Article 292,31,"['284', '291']","['163', '284', '285', '290', '291', '292', '293', '294']",2,8,0.25,2,1.0
"('31',)",Article 293,31,"['287', '288', '284']","['163', '284', '285', '290', '291', '292', '293', '294']",3,8,0.125,1,0.3333333333333333
"('31',)",Article 294,31,"['283', '285']","['163', '284', '285', '290', '291', '292', '293', '294']",2,8,0.125,1,0.5
"('79',)",Article 295,79,"['298', '296', '297']","['2', '146', '295', '380', '407', '414']",3,6,0.0,0,0.0
"('50',)",Article 296,50,[],"['296', '467', '468', '478', '480']",0,5,0.0,0,
"('72',)",Article 297,72,"['296', '295']","['171', '174', '175', '179', '184', '286', '297']",2,7,0.0,0,0.0
"('9',)",Article 298,9,"['274', '275']","['298', '420', '421']",2,3,0.0,0,0.0
"('39',)",Article 299,39,"['222', '204']","['247', '299', '399', '424']",2,4,0.0,0,0.0
"('73',)",Article 300,73,['301'],"['300', '382', '482', '497', '50']",1,5,0.0,0,0.0
"('61',)",Article 301,61,"['306', '307', '310', '309']","['214', '301', '50']",4,3,0.0,0,0.0
"('17',)",Article 302,17,['304'],"['107', '112', '115', '116', '117', '119', '121', '128', '170', '172', '176', '302', '310', '387', '398', '406', '408', '409', '447']",1,19,0.0,0,0.0
"('85',)",Article 303,85,"['301', '305']","['303', '305', '325']",2,3,0.3333333333333333,1,0.5
"('55',)",Article 304,55,"['48', '305', '301', '10']","['32', '41', '80', '304', '410', '419', '440', '441', '443', '451', '506']",4,11,0.0,0,0.0
"('85',)",Article 305,85,['306'],"['303', '305', '325']",1,3,0.0,0,0.0
"('59',)",Article 306,59,"['107', '92']","['123', '147', '150', '152', '153', '154', '242', '255', '261', '262', '306', '379', '390', '449']",2,14,0.0,0,0.0
"('76',)",Article 307,76,"['308', '309']","['307', '328', '334', '342', '355']",2,5,0.0,0,0.0
"('40',)",Article 308,40,['92'],"['177', '212', '248', '308', '309', '378']",1,6,0.0,0,0.0
"('40',)",Article 309,40,"['308', '92']","['177', '212', '248', '308', '309', '378']",2,6,0.16666666666666666,1,0.5
"('17',)",Article 310,17,[],"['107', '112', '115', '116', '117', '119', '121', '128', '170', '172', '176', '302', '310', '387', '398', '406', '408', '409', '447']",0,19,0.0,0,
"('26',)",Article 311,26,"['310', '301', '3', '306', '309']","['23', '38', '39', '75', '215', '219', '311']",5,7,0.0,0,0.0
"('2',)",Article 312,2,"['320', '319', '321', '322', '10', '85']","['97', '99', '100', '312', '426', '430', '50', '50']",6,7,0.0,0,0.0
"('71',)",Article 313,71,[],"['149', '283', '313', '363']",0,4,0.0,0,
"('36',)",Article 314,36,"['320', '321', '322', '10']","['7', '8', '9', '10', '17', '18', '49', '314', '396']",4,9,0.1111111111111111,1,0.25
"('24',)",Article 315,24,['316'],"['225', '315', '317']",1,3,0.0,0,0.0
"('33',)",Article 316,33,"['3', '10']","['105', '180', '181', '182', '185', '188', '316', '318', '412']",2,9,0.0,0,0.0
"('24',)",Article 317,24,['318'],"['225', '315', '317']",1,3,0.0,0,0.0
"('33',)",Article 318,33,['317'],"['105', '180', '181', '182', '185', '188', '316', '318', '412']",1,9,0.0,0,0.0
"('23',)",Article 319,23,[],"['37', '209', '210', '238', '319', '369', '431']",0,7,0.0,0,
"('47',)",Article 320,47,['312'],"['169', '189', '287', '320', '321', '322', '372', '435']",1,8,0.0,0,0.0
"('47',)",Article 321,47,['312'],"['169', '189', '287', '320', '321', '322', '372', '435']",1,8,0.0,0,0.0
"('47',)",Article 322,47,"['312', '317', '324']","['169', '189', '287', '320', '321', '322', '372', '435']",3,8,0.0,0,0.0
"('28',)",Article 323,28,[],"['92', '113', '132', '201', '323', '400', '493', '500']",0,8,0.0,0,
"('68',)",Article 324,68,['322'],"['40', '324']",1,2,0.0,0,0.0
"('85',)",Article 325,85,[],"['303', '305', '325']",0,3,0.0,0,
"('12',)",Article 326,12,[],"['42', '57', '67', '103', '279', '281', '326', '327', '331', '338', '345', '353', '357', '359', '374', '375']",0,16,0.0,0,
"('12',)",Article 327,12,"['328', '336']","['42', '57', '67', '103', '279', '281', '326', '327', '331', '338', '345', '353', '357', '359', '374', '375']",2,16,0.0,0,0.0
"('76',)",Article 328,76,['336'],"['307', '328', '334', '342', '355']",1,5,0.0,0,0.0
"('49',)",Article 329,49,['10'],"['329', '341', '344', '352', '354', '358']",1,6,0.0,0,0.0
"('43',)",Article 330,43,[],"['28', '29', '31', '51', '52', '53', '54', '63', '64', '66', '77', '200', '282', '330', '483']",0,15,0.0,0,
"('12',)",Article 331,12,"['328', '339']","['42', '57', '67', '103', '279', '281', '326', '327', '331', '338', '345', '353', '357', '359', '374', '375']",2,16,0.0,0,0.0
"('18',)",Article 332,18,['338'],"['110', '127', '244', '332', '346', '381', '386']",1,7,0.0,0,0.0
"('69',)",Article 333,69,[],['333'],0,1,0.0,0,
"('76',)",Article 334,76,[],"['307', '328', '334', '342', '355']",0,5,0.0,0,
"('30',)",Article 335,30,[],"['277', '278', '280', '335', '448']",0,5,0.0,0,
"('3',)",Article 336,3,"['327', '129']","['104', '234', '243', '336', '337', '348', '350', '367', '371', '373', '377']",2,11,0.0,0,0.0
"('3',)",Article 337,3,"['327', '262', '407', '8', '338', '243', '244']","['104', '234', '243', '336', '337', '348', '350', '367', '371', '373', '377']",7,11,0.09090909090909091,1,0.14285714285714285
"('12',)",Article 338,12,[],"['42', '57', '67', '103', '279', '281', '326', '327', '331', '338', '345', '353', '357', '359', '374', '375']",0,16,0.0,0,
"('91',)",Article 339,91,[],"['339', '340']",0,2,0.0,0,
"('91',)",Article 340,91,['339'],"['339', '340']",1,2,0.5,1,1.0
"('49',)",Article 341,49,"['327', '10']","['329', '341', '344', '352', '354', '358']",2,6,0.0,0,0.0
"('76',)",Article 342,76,[],"['307', '328', '334', '342', '355']",0,5,0.0,0,
"('41',)",Article 343,41,[],"['343', '351', '356', '360']",0,4,0.0,0,
"('49',)",Article 344,49,[],"['329', '341', '344', '352', '354', '358']",0,6,0.0,0,
"('12',)",Article 345,12,[],"['42', '57', '67', '103', '279', '281', '326', '327', '331', '338', '345', '353', '357', '359', '374', '375']",0,16,0.0,0,
"('18',)",Article 346,18,[],"['110', '127', '244', '332', '346', '381', '386']",0,7,0.0,0,
"('0',)",Article 347,0,"['346', '336']","['137', '138', '139', '194', '202', '204', '213', '216', '218', '224', '233', '268', '269', '347', '439']",2,15,0.0,0,0.0
"('3',)",Article 348,3,"['353', '352', '350', '367']","['104', '234', '243', '336', '337', '348', '350', '367', '371', '373', '377']",4,11,0.18181818181818182,2,0.5
"('19',)",Article 349,19,['350'],"['4', '12', '98', '118', '142', '349', '405', '411', '450']",1,9,0.0,0,0.0
"('3',)",Article 350,3,"['348', '132']","['104', '234', '243', '336', '337', '348', '350', '367', '371', '373', '377']",2,11,0.09090909090909091,1,0.5
"('41',)",Article 351,41,['352'],"['343', '351', '356', '360']",1,4,0.0,0,0.0
"('49',)",Article 352,49,"['92', '10']","['329', '341', '344', '352', '354', '358']",2,6,0.0,0,0.0
"('12',)",Article 353,12,"['352', '132']","['42', '57', '67', '103', '279', '281', '326', '327', '331', '338', '345', '353', '357', '359', '374', '375']",2,16,0.0,0,0.0
"('49',)",Article 354,49,['352'],"['329', '341', '344', '352', '354', '358']",1,6,0.16666666666666666,1,1.0
"('76',)",Article 355,76,"['356', '359', '360']","['307', '328', '334', '342', '355']",3,5,0.0,0,0.0
"('41',)",Article 356,41,[],"['343', '351', '356', '360']",0,4,0.0,0,
"('12',)",Article 357,12,"['360', '358']","['42', '57', '67', '103', '279', '281', '326', '327', '331', '338', '345', '353', '357', '359', '374', '375']",2,16,0.0,0,0.0
"('49',)",Article 358,49,"['359', '10']","['329', '341', '344', '352', '354', '358']",2,6,0.0,0,0.0
"('12',)",Article 359,12,[],"['42', '57', '67', '103', '279', '281', '326', '327', '331', '338', '345', '353', '357', '359', '374', '375']",0,16,0.0,0,
"('41',)",Article 360,41,[],"['343', '351', '356', '360']",0,4,0.0,0,
"('63',)",Article 361,63,['359'],"['203', '267', '361']",1,3,0.0,0,0.0
"('46',)",Article 362,46,[],"['133', '165', '186', '187', '362', '471']",0,6,0.0,0,
"('71',)",Article 363,71,"['365', '10']","['149', '283', '313', '363']",2,4,0.0,0,0.0
"('81',)",Article 364,81,"['365', '366', '337', '338', '350', '377']","['364', '370', '445', '454', '457']",6,5,0.0,0,0.0
"('88',)",Article 365,88,['364'],"['33', '198', '229', '365', '366']",1,5,0.0,0,0.0
"('88',)",Article 366,88,['365'],"['33', '198', '229', '365', '366']",1,5,0.2,1,1.0
"('3',)",Article 367,3,['353'],"['104', '234', '243', '336', '337', '348', '350', '367', '371', '373', '377']",1,11,0.0,0,0.0
"('10',)",Article 368,10,[],"['141', '190', '288', '368', '376', '446', '455']",0,7,0.0,0,
"('23',)",Article 369,23,[],"['37', '209', '210', '238', '319', '369', '431']",0,7,0.0,0,
"('81',)",Article 370,81,[],"['364', '370', '445', '454', '457']",0,5,0.0,0,
"('3',)",Article 371,3,"['332', '337', '377']","['104', '234', '243', '336', '337', '348', '350', '367', '371', '373', '377']",3,11,0.18181818181818182,2,0.6666666666666666
"('47',)",Article 372,47,"['365', '367', '369', '370', '373']","['169', '189', '287', '320', '321', '322', '372', '435']",5,8,0.0,0,0.0
"('3',)",Article 373,3,['336'],"['104', '234', '243', '336', '337', '348', '350', '367', '371', '373', '377']",1,11,0.09090909090909091,1,1.0
"('12',)",Article 374,12,[],"['42', '57', '67', '103', '279', '281', '326', '327', '331', '338', '345', '353', '357', '359', '374', '375']",0,16,0.0,0,
"('12',)",Article 375,12,[],"['42', '57', '67', '103', '279', '281', '326', '327', '331', '338', '345', '353', '357', '359', '374', '375']",0,16,0.0,0,
"('10',)",Article 376,10,[],"['141', '190', '288', '368', '376', '446', '455']",0,7,0.0,0,
"('3',)",Article 377,3,"['338', '367', '368', '370', '369']","['104', '234', '243', '336', '337', '348', '350', '367', '371', '373', '377']",5,11,0.09090909090909091,1,0.2
"('40',)",Article 378,40,[],"['177', '212', '248', '308', '309', '378']",0,6,0.0,0,
"('59',)",Article 379,59,"['161', '36']","['123', '147', '150', '152', '153', '154', '242', '255', '261', '262', '306', '379', '390', '449']",2,14,0.0,0,0.0
"('79',)",Article 380,79,"['378', '379']","['2', '146', '295', '380', '407', '414']",2,6,0.0,0,0.0
"('18',)",Article 381,18,[],"['110', '127', '244', '332', '346', '381', '386']",0,7,0.0,0,
"('73',)",Article 382,73,"['10', '1']","['300', '382', '482', '497', '50']",2,5,0.0,0,0.0
"('6',)",Article 383,6,"['363', '283', '386', '285', '364', '292', '384', '10']","['217', '272', '273', '274', '383', '384', '403']",8,7,0.14285714285714285,1,0.125
"('6',)",Article 384,6,"['383', '386', '128', '223', '162']","['217', '272', '273', '274', '383', '384', '403']",5,7,0.14285714285714285,1,0.2
"('75',)",Article 385,75,"['384', '382', '275']","['62', '106', '108', '109', '193', '237', '240', '241', '250', '257', '264', '385', '438', '444', '452', '453']",3,16,0.0,0,0.0
"('18',)",Article 386,18,"['383', '384']","['110', '127', '244', '332', '346', '381', '386']",2,7,0.0,0,0.0
"('17',)",Article 387,17,[],"['107', '112', '115', '116', '117', '119', '121', '128', '170', '172', '176', '302', '310', '387', '398', '406', '408', '409', '447']",0,19,0.0,0,
"('56',)",Article 388,56,"['95', '96']","['183', '226', '388', '404', '498']",2,5,0.0,0,0.0
"('1',)",Article 389,1,[],"['249', '253', '254', '389']",0,4,0.0,0,
"('59',)",Article 390,59,"['283', '299', '378', '345', '36', '56', '66', '112', '10']","['123', '147', '150', '152', '153', '154', '242', '255', '261', '262', '306', '379', '390', '449']",9,14,0.0,0,0.0
"('77',)",Article 391,77,[],"['391', '393']",0,2,0.0,0,
"('67',)",Article 392,67,[],"['5', '192', '392']",0,3,0.0,0,
"('77',)",Article 393,77,[],"['391', '393']",0,2,0.0,0,
"('84',)",Article 394,84,['395'],"['89', '394', '395', '425', '458', '460', '501']",1,7,0.14285714285714285,1,1.0
"('84',)",Article 395,84,"['399', '396', '397', '398', '400', '11', '464', '458']","['89', '394', '395', '425', '458', '460', '501']",8,7,0.14285714285714285,1,0.125
"('36',)",Article 396,36,"['395', '7', '9']","['7', '8', '9', '10', '17', '18', '49', '314', '396']",3,9,0.2222222222222222,2,0.6666666666666666
"('93',)",Article 397,93,"['395', '299']","['1', '397']",2,2,0.0,0,0.0
"('17',)",Article 398,17,"['397', '395']","['107', '112', '115', '116', '117', '119', '121', '128', '170', '172', '176', '302', '310', '387', '398', '406', '408', '409', '447']",2,19,0.0,0,0.0
"('39',)",Article 399,39,"['400', '401', '199', '402', '390']","['247', '299', '399', '424']",5,4,0.0,0,0.0
"('28',)",Article 400,28,"['395', '113', '129']","['92', '113', '132', '201', '323', '400', '493', '500']",3,8,0.125,1,0.3333333333333333
"('4',)",Article 401,4,"['395', '403']","['129', '144', '145', '160', '161', '162', '289', '401']",2,8,0.0,0,0.0
"('70',)",Article 402,70,"['395', '125', '124', '208', '126', '394', '229']","['94', '125', '126', '232', '276', '402']",7,6,0.3333333333333333,2,0.2857142857142857
"('6',)",Article 403,6,['92'],"['217', '272', '273', '274', '383', '384', '403']",1,7,0.0,0,0.0
"('56',)",Article 404,56,[],"['183', '226', '388', '404', '498']",0,5,0.0,0,
"('19',)",Article 405,19,"['408', '409']","['4', '12', '98', '118', '142', '349', '405', '411', '450']",2,9,0.0,0,0.0
"('17',)",Article 406,17,['405'],"['107', '112', '115', '116', '117', '119', '121', '128', '170', '172', '176', '302', '310', '387', '398', '406', '408', '409', '447']",1,19,0.0,0,0.0
"('79',)",Article 407,79,"['405', '406', '245', '337']","['2', '146', '295', '380', '407', '414']",4,6,0.0,0,0.0
"('17',)",Article 408,17,['245'],"['107', '112', '115', '116', '117', '119', '121', '128', '170', '172', '176', '302', '310', '387', '398', '406', '408', '409', '447']",1,19,0.0,0,0.0
"('17',)",Article 409,17,['405'],"['107', '112', '115', '116', '117', '119', '121', '128', '170', '172', '176', '302', '310', '387', '398', '406', '408', '409', '447']",1,19,0.0,0,0.0
"('55',)",Article 410,55,"['405', '406', '408', '409', '10', '407']","['32', '41', '80', '304', '410', '419', '440', '441', '443', '451', '506']",6,11,0.0,0,0.0
"('19',)",Article 411,19,['153'],"['4', '12', '98', '118', '142', '349', '405', '411', '450']",1,9,0.0,0,0.0
"('33',)",Article 412,33,"['414', '415', '460']","['105', '180', '181', '182', '185', '188', '316', '318', '412']",3,9,0.0,0,0.0
"('98',)",Article 413,98,"['415', '510']",['413'],2,1,0.0,0,0.0
"('79',)",Article 414,79,"['412', '413']","['2', '146', '295', '380', '407', '414']",2,6,0.0,0,0.0
"('52',)",Article 415,52,"['416', '460', '3', '5']","['19', '20', '21', '415', '422']",4,5,0.0,0,0.0
"('57',)",Article 416,57,"['113', '10', '509', '129', '460', '132', '418']","['27', '178', '197', '259', '416', '423']",7,6,0.0,0,0.0
"('62',)",Article 417,62,['416'],"['417', '418']",1,2,0.0,0,0.0
"('62',)",Article 418,62,"['416', '132']","['417', '418']",2,2,0.0,0,0.0
"('55',)",Article 419,55,"['416', '412', '417', '10']","['32', '41', '80', '304', '410', '419', '440', '441', '443', '451', '506']",4,11,0.0,0,0.0
"('9',)",Article 420,9,"['460', '421', '422', '423', '424', '429']","['298', '420', '421']",6,3,0.3333333333333333,1,0.16666666666666666
"('9',)",Article 421,9,[],"['298', '420', '421']",0,3,0.0,0,
"('52',)",Article 422,52,"['192', '418', '416', '113', '400', '425', '20', '460', '10']","['19', '20', '21', '415', '422']",9,5,0.2,1,0.1111111111111111
"('57',)",Article 423,57,"['416', '10', '422']","['27', '178', '197', '259', '416', '423']",3,6,0.16666666666666666,1,0.3333333333333333
"('39',)",Article 424,39,"['420', '416', '425']","['247', '299', '399', '424']",3,4,0.0,0,0.0
"('84',)",Article 425,84,"['113', '129', '192', '416', '424', '162', '422', '423', '20', '460', '10']","['89', '394', '395', '425', '458', '460', '501']",11,7,0.14285714285714285,1,0.09090909090909091
"('2',)",Article 426,2,"['460', '421', '424']","['97', '99', '100', '312', '426', '430', '50', '50']",3,7,0.0,0,0.0
"('5',)",Article 427,5,"['415', '421', '422', '192', '416', '129']","['90', '427', '469', '472', '475', '477', '486']",6,7,0.0,0,0.0
"('65',)",Article 428,65,"['416', '122', '153', '129', '427']","['428', '509', '510', '519']",5,4,0.0,0,0.0
"('53',)",Article 429,53,"['43', '47', '48', '111', '274', '295', '275', '92', '299', '220', '222', '206']","['220', '222', '223', '228', '230', '231', '236', '239', '275', '429']",12,10,0.3,3,0.25
"('2',)",Article 430,2,"['429', '511']","['97', '99', '100', '312', '426', '430', '50', '50']",2,7,0.0,0,0.0
"('23',)",Article 431,23,['432'],"['37', '209', '210', '238', '319', '369', '431']",1,7,0.0,0,0.0
"('64',)",Article 432,64,"['435', '437', '450']","['36', '432', '437', '487', '492']",3,5,0.2,1,0.3333333333333333
"('48',)",Article 433,48,"['437', '438']","['11', '13', '14', '15', '22', '433', '434']",2,7,0.0,0,0.0
"('48',)",Article 434,48,[],"['11', '13', '14', '15', '22', '433', '434']",0,7,0.0,0,
"('47',)",Article 435,47,[],"['169', '189', '287', '320', '321', '322', '372', '435']",0,8,0.0,0,
"('83',)",Article 436,83,"['7', '9']","['3', '436']",2,2,0.0,0,0.0
"('64',)",Article 437,64,"['32', '36', '56', '66', '47', '48', '79']","['36', '432', '437', '487', '492']",7,5,0.2,1,0.14285714285714285
"('75',)",Article 438,75,"['112', '147', '154', '155', '92', '153']","['62', '106', '108', '109', '193', '237', '240', '241', '250', '257', '264', '385', '438', '444', '452', '453']",6,16,0.0,0,0.0
"('0',)",Article 439,0,[],"['137', '138', '139', '194', '202', '204', '213', '216', '218', '224', '233', '268', '269', '347', '439']",0,15,0.0,0,
"('55',)",Article 440,55,['10'],"['32', '41', '80', '304', '410', '419', '440', '441', '443', '451', '506']",1,11,0.0,0,0.0
"('55',)",Article 441,55,['2'],"['32', '41', '80', '304', '410', '419', '440', '441', '443', '451', '506']",1,11,0.0,0,0.0
"('11',)",Article 442,11,[],"['114', '120', '122', '131', '134', '140', '159', '442', '496']",0,9,0.0,0,
"('55',)",Article 443,55,['10'],"['32', '41', '80', '304', '410', '419', '440', '441', '443', '451', '506']",1,11,0.0,0,0.0
"('75',)",Article 444,75,['112'],"['62', '106', '108', '109', '193', '237', '240', '241', '250', '257', '264', '385', '438', '444', '452', '453']",1,16,0.0,0,0.0
"('81',)",Article 445,81,['92'],"['364', '370', '445', '454', '457']",1,5,0.0,0,0.0
"('10',)",Article 446,10,['312'],"['141', '190', '288', '368', '376', '446', '455']",1,7,0.0,0,0.0
"('17',)",Article 447,17,[],"['107', '112', '115', '116', '117', '119', '121', '128', '170', '172', '176', '302', '310', '387', '398', '406', '408', '409', '447']",0,19,0.0,0,
"('30',)",Article 448,30,[],"['277', '278', '280', '335', '448']",0,5,0.0,0,
"('59',)",Article 449,59,"['337', '248']","['123', '147', '150', '152', '153', '154', '242', '255', '261', '262', '306', '379', '390', '449']",2,14,0.0,0,0.0
"('19',)",Article 450,19,['94'],"['4', '12', '98', '118', '142', '349', '405', '411', '450']",1,9,0.0,0,0.0
"('55',)",Article 451,55,"['429', '499', '1']","['32', '41', '80', '304', '410', '419', '440', '441', '443', '451', '506']",3,11,0.0,0,0.0
"('75',)",Article 452,75,"['154', '147', '178']","['62', '106', '108', '109', '193', '237', '240', '241', '250', '257', '264', '385', '438', '444', '452', '453']",3,16,0.0,0,0.0
"('75',)",Article 453,75,['155'],"['62', '106', '108', '109', '193', '237', '240', '241', '250', '257', '264', '385', '438', '444', '452', '453']",1,16,0.0,0,0.0
"('81',)",Article 454,81,['321'],"['364', '370', '445', '454', '457']",1,5,0.0,0,0.0
"('10',)",Article 455,10,"['363', '104', '105', '364']","['141', '190', '288', '368', '376', '446', '455']",4,7,0.0,0,0.0
"('22',)",Article 456,22,"['462', '4', '5', '142', '153', '192', '242', '272', '300', '381', '411', '112', '147', '123', '95', '97', '301', '50', '400', '429', '430', '451', '482', '383', '162', '96', '382']","['196', '456', '507']",27,3,0.0,0,0.0
"('81',)",Article 457,81,"['462', '111', '143', '193', '243', '272', '315', '325', '378', '379', '383', '384', '386', '99']","['364', '370', '445', '454', '457']",14,5,0.0,0,0.0
"('84',)",Article 458,84,"['101', '103', '104', '105', '133', '92', '392', '431', '395']","['89', '394', '395', '425', '458', '460', '501']",9,7,0.14285714285714285,1,0.1111111111111111
"('66',)",Article 459,66,"['462', '92', '392', '431']","['6', '16', '459']",4,3,0.0,0,0.0
"('84',)",Article 460,84,"['462', '412', '509']","['89', '394', '395', '425', '458', '460', '501']",3,7,0.0,0,0.0
"('90',)",Article 461,90,"['460', '509', '462', '412']","['461', '512']",4,2,0.0,0,0.0
"('42',)",Article 462,42,"['2', '456']","['462', '502', '505', '516', '517', '518']",2,6,0.0,0,0.0
"('34',)",Article 463,34,[],"['463', '464', '513', '515']",0,4,0.0,0,
"('34',)",Article 464,34,[],"['463', '464', '513', '515']",0,4,0.0,0,
"('74',)",Article 465,74,['92'],['465'],1,1,0.0,0,0.0
"('25',)",Article 466,25,['24'],"['24', '466', '473', '481']",1,4,0.25,1,1.0
"('50',)",Article 467,50,"['35', '33']","['296', '467', '468', '478', '480']",2,5,0.0,0,0.0
"('50',)",Article 468,50,"['35', '33', '467', '478']","['296', '467', '468', '478', '480']",4,5,0.4,2,0.5
"('5',)",Article 469,5,"['36', '472', '470', '1']","['90', '427', '469', '472', '475', '477', '486']",4,7,0.14285714285714285,1,0.25
"('97',)",Article 470,97,"['32', '36', '48']","['30', '47', '48', '50', '470', '479']",3,6,0.16666666666666666,1,0.3333333333333333
"('46',)",Article 471,46,['49'],"['133', '165', '186', '187', '362', '471']",1,6,0.0,0,0.0
"('5',)",Article 472,5,"['33', '36', '468', '469']","['90', '427', '469', '472', '475', '477', '486']",4,7,0.14285714285714285,1,0.25
"('25',)",Article 473,25,['481'],"['24', '466', '473', '481']",1,4,0.25,1,1.0
"('21',)",Article 474,21,"['56', '475']","['474', '476']",2,2,0.0,0,0.0
"('5',)",Article 475,5,"['56', '474']","['90', '427', '469', '472', '475', '477', '486']",2,7,0.0,0,0.0
"('21',)",Article 476,21,"['66', '477']","['474', '476']",2,2,0.0,0,0.0
"('5',)",Article 477,5,"['66', '476']","['90', '427', '469', '472', '475', '477', '486']",2,7,0.0,0,0.0
"('50',)",Article 478,50,"['468', '469', '474', '476', '36', '48', '56', '66']","['296', '467', '468', '478', '480']",8,5,0.2,1,0.125
"('97',)",Article 479,97,['81'],"['30', '47', '48', '50', '470', '479']",1,6,0.0,0,0.0
"('50',)",Article 480,50,"['84', '85', '87']","['296', '467', '468', '478', '480']",3,5,0.0,0,0.0
"('25',)",Article 481,25,"['32', '36', '16', '49', '10']","['24', '466', '473', '481']",5,4,0.0,0,0.0
"('73',)",Article 482,73,['382'],"['300', '382', '482', '497', '50']",1,5,0.2,1,1.0
"('43',)",Article 483,43,"['26', '107', '484', '57']","['28', '29', '31', '51', '52', '53', '54', '63', '64', '66', '77', '200', '282', '330', '483']",4,15,0.0,0,0.0
"('58',)",Article 484,58,"['483', '26', '486', '28', '57', '154']","['484', '485']",6,2,0.0,0,0.0
"('58',)",Article 485,58,['483'],"['484', '485']",1,2,0.0,0,0.0
"('5',)",Article 486,5,"['484', '2', '66', '489', '490']","['90', '427', '469', '472', '475', '477', '486']",5,7,0.0,0,0.0
"('64',)",Article 487,64,"['51', '52', '62', '63', '484', '486', '10']","['36', '432', '437', '487', '492']",7,5,0.0,0,0.0
"('60',)",Article 488,60,"['484', '486', '64']","['56', '488', '490']",3,3,0.0,0,0.0
"('13',)",Article 489,13,"['51', '52', '484', '2']",['489'],4,1,0.0,0,0.0
"('60',)",Article 490,60,"['62', '63', '484', '2']","['56', '488', '490']",4,3,0.0,0,0.0
"('89',)",Article 491,89,"['489', '490']","['35', '491']",2,2,0.0,0,0.0
"('64',)",Article 492,64,"['465', '467', '481', '484', '437']","['36', '432', '437', '487', '492']",5,5,0.2,1,0.2
"('28',)",Article 493,28,"['387', '400', '507', '395', '129']","['92', '113', '132', '201', '323', '400', '493', '500']",5,8,0.125,1,0.2
"('82',)",Article 494,82,['4'],"['25', '74', '86', '494', '499']",1,5,0.0,0,0.0
"('94',)",Article 495,94,"['114', '10']","['101', '124', '143', '148', '164', '173', '495']",2,7,0.0,0,0.0
"('11',)",Article 496,11,['129'],"['114', '120', '122', '131', '134', '140', '159', '442', '496']",1,9,0.0,0,0.0
"('73',)",Article 497,73,['308'],"['300', '382', '482', '497', '50']",1,5,0.0,0,0.0
"('56',)",Article 498,56,[],"['183', '226', '388', '404', '498']",0,5,0.0,0,
"('82',)",Article 499,82,"['429', '430', '451']","['25', '74', '86', '494', '499']",3,5,0.0,0,0.0
"('28',)",Article 500,28,['92'],"['92', '113', '132', '201', '323', '400', '493', '500']",1,8,0.125,1,1.0
"('84',)",Article 501,84,[],"['89', '394', '395', '425', '458', '460', '501']",0,7,0.0,0,
"('42',)",Article 502,42,['33'],"['462', '502', '505', '516', '517', '518']",1,6,0.0,0,0.0
"('14',)",Article 503,14,"['129', '336', '496', '462']","['503', '511']",4,2,0.0,0,0.0
"('51',)",Article 504,51,['31'],"['504', '508', '514']",1,3,0.0,0,0.0
"('42',)",Article 505,42,[],"['462', '502', '505', '516', '517', '518']",0,6,0.0,0,
"('55',)",Article 506,55,['178'],"['32', '41', '80', '304', '410', '419', '440', '441', '443', '451', '506']",1,11,0.0,0,0.0
"('22',)",Article 507,22,['400'],"['196', '456', '507']",1,3,0.0,0,0.0
"('51',)",Article 508,51,"['113', '4']","['504', '508', '514']",2,3,0.0,0,0.0
"('65',)",Article 509,65,"['415', '92', '422', '416', '424', '411', '417', '425']","['428', '509', '510', '519']",8,4,0.0,0,0.0
"('65',)",Article 510,65,"['415', '427', '428']","['428', '509', '510', '519']",3,4,0.25,1,0.3333333333333333
"('14',)",Article 511,14,"['429', '458', '3', '97', '1', '451']","['503', '511']",6,2,0.0,0,0.0
"('90',)",Article 512,90,[],"['461', '512']",0,2,0.0,0,
"('34',)",Article 513,34,[],"['463', '464', '513', '515']",0,4,0.0,0,
"('51',)",Article 514,51,['275'],"['504', '508', '514']",1,3,0.0,0,0.0
"('34',)",Article 515,34,[],"['463', '464', '513', '515']",0,4,0.0,0,
"('42',)",Article 516,42,[],"['462', '502', '505', '516', '517', '518']",0,6,0.0,0,
"('42',)",Article 517,42,[],"['462', '502', '505', '516', '517', '518']",0,6,0.0,0,
"('42',)",Article 518,42,[],"['462', '502', '505', '516', '517', '518']",0,6,0.0,0,
"('65',)",Article 519,65,['36'],"['428', '509', '510', '519']",1,4,0.0,0,0.0
"('86',)",Article 520,86,[],['520'],0,1,0.0,0,
"('2',)",Article 50a,2,['301'],"['97', '99', '100', '312', '426', '430', '50', '50']",1,7,0.0,0,0.0
"('73',)",Article 50b,73,"['50', '301', '224']","['300', '382', '482', '497', '50']",3,5,0.2,1,0.3333333333333333
"('2',)",Article 50c,2,['50'],"['97', '99', '100', '312', '426', '430', '50', '50']",1,7,0.14285714285714285,1,1.0
"('61',)",Article 50d,61,"['50', '11', '1', '89', '14', '25']","['214', '301', '50']",6,3,0.3333333333333333,1,0.16666666666666666
